AP023349,GPSC22,GPSC3,GPSC10,GPSC23,GPSC40,GPSC11,GPSC25,GPSC43,GPSC13,GPSC26,GPSC47,GPSC14,GPSC27,GPSC4,GPSC15,GPSC2,GPSC5,GPSC16,GPSC30,GPSC6,GPSC17,GPSC31,GPSC7,GPSC18,GPSC32,GPSC8,GPSC19,GPSC33,GPSC9,GPSC1,GPSC34,NC_017592,GPSC21,GPSC37
32.18242844479219,84.2868983025417,81.43712040852725,82.71122740270313,78.9504228709691,82.00369605162177,83.75795587830471,82.55817994805487,87.25598097695459,84.52850113563164,81.37390032451492,79.8827983993527,83.0398348832886,80.00760814534334,81.60239066843802,88.50014402517117,83.40859006327058,81.92497624937684,76.5372313246883,83.82166454684645,83.42591541313345,84.35683026576132,82.32125047947832,83.01400502705195,80.15645482237332,85.33801930871151,82.74311776267668,81.71439768848643,84.97128443927046,80.07247300296481,81.65512075858321,85.12832981930572,98.93311639886159,82.06788277938382,82.07628558240451
