GPSC15,GPSC17,GPSC22,GPSC25,GPSC26,GPSC32,GPSC34,GPSC37,GPSC3,GPSC4,GPSC5,GPSC8,JYGP01,NC_017592
88.50014402517117,84.35683026576132,84.2868983025417,82.55817994805487,81.37390032451492,85.33801930871151,85.12832981930572,82.07628558240451,81.43712040852725,81.60239066843802,81.92497624937684,82.74311776267668,31.49564692527874,98.93311639886159
