GPSC15,GPSC17,GPSC22,GPSC25,GPSC26,GPSC32,GPSC34,GPSC37,GPSC3,GPSC4,GPSC5,GPSC8,JYGP01,NC_017592
89.53183762018044,85.52519860790558,85.2485884074686,83.70355584570514,83.24475061663397,86.56638367738053,86.58638733761124,82.37399570281472,82.58450750499864,82.57514313707841,82.9434782199731,83.89724454176854,37.48834324179536,99.28831877584545
