AP023349,GPSC31,GPSC40,GPSC15,GPSC32,GPSC4,GPSC21,GPSC34,GPSC8,GPSC22,GPSC37,GPSC26,GPSC3,NC_017592
32.18242844479219,82.32125047947832,82.00369605162177,88.50014402517117,85.33801930871151,81.60239066843802,82.06788277938382,85.12832981930572,82.74311776267668,84.2868983025417,82.07628558240451,81.37390032451492,81.43712040852725,98.93311639886159
